{"cameraMode":{"drawMode":0,"name":"Shaded","section":"Shading Mode"},"sceneLighting":true,"audioPlay":false,"sceneViewState":{"showFog":false,"showMaterialUpdate":false,"showSkybox":true,"showFlares":false,"showImageEffects":false,"showParticleSystems":false},"in2DMode":false,"pivot":{"x":0.405182808637619,"y":1.5840004682540894,"z":0.07716431468725205},"rotation":{"x":-0.029342379420995714,"y":0.7199073433876038,"z":-0.03046424314379692,"w":-0.6927802562713623},"size":2.9289417266845705,"orthographic":false}